カット番号,セクション,,台本（ナレーション）,,,,NanoBanana プロンプト1,NanoBanana プロンプト2
1,パート1：【警告】明日は我が身。1ミスで全チャンネル即死の「連鎖BAN地獄」,,"２０２６年１月から、YouTubeで異常な事態が起きています。
朝起きてXを開いたら、タイムラインが「収益化停止された」の報告で埋め尽くされていたんですよね。
日本だけじゃなくて、世界中から同時に報告が上がっていました。",,,,"A stylish abstract background, dark mode, cinematic lighting, neon blue accents, high resolution","Minimalist futuristic interface, glowing particles, dark background, 4k ultra detailed, professional YouTube setup"
2,パート1：【警告】明日は我が身。1ミスで全チャンネル即死の「連鎖BAN地獄」,,"「YouTube 収益化停止」がXのトレンド入りするほどの規模です。
その後、複数の有名チャンネルの収益化停止が、Yahoo!ニュース（オタク総研）等のメディアでも次々と報じられて、もはやYouTuber界隈だけの話じゃなくなりました。
> 📸 【News1_ニュース報道_オタク総研.png】",,,,"A stylish screen capture overlay showing ""News1_ニュース報道_オタク総研.png"", YouTube UI elements, dark mode, high quality, neon blue accents","A high-tech digital screenshot of ""News1_ニュース報道_オタク総研.png"", UI mockup, cinematic lighting, depth of field, 8k resolution"
3,パート1：【警告】明日は我が身。1ミスで全チャンネル即死の「連鎖BAN地獄」,,> 📸 【News2_ニュース詳細_オタク総研.png】,,,,"A stylish screen capture overlay showing ""News2_ニュース詳細_オタク総研.png"", YouTube UI elements, dark mode, high quality, neon blue accents","A high-tech digital screenshot of ""News2_ニュース詳細_オタク総研.png"", UI mockup, cinematic lighting, depth of field, 8k resolution"
4,パート1：【警告】明日は我が身。1ミスで全チャンネル即死の「連鎖BAN地獄」,,"だけどこれ、実はさりげなく予告されていたんですね。
2025年の7月に、YouTubeは「繰り返しの多いコンテンツ」というポリシーを「量産型コンテンツ」に名称変更しているんです。
つまり、YouTubeは半年以上前から、この大掃除をやるつもりだったということです。",,,,"Futuristic artificial intelligence core, glowing blue nodes, digital network, cyberpunk aesthetic, 8k","Endless rows of identical robots, assembly line, digital grid background, cinematic lighting, high tech"
5,パート1：【警告】明日は我が身。1ミスで全チャンネル即死の「連鎖BAN地獄」,,"そしてここから、段階的に進んでいまして。
第1波が1月7日。雑学・ランキング・ゆっくり・要約系が「信頼できないコンテンツ」で大量停止。1日あたり50から100チャンネル規模で止まっていると言われています。
第2波が1月28日。関連チャンネルまで巻き込まれ始め、登録者10万〜30万規模の大手チャンネルもぞくぞく停止。",,,,"A stylish abstract background, dark mode, cinematic lighting, neon blue accents, high resolution","Minimalist futuristic interface, glowing particles, dark background, 4k ultra detailed, professional YouTube setup"
6,パート1：【警告】明日は我が身。1ミスで全チャンネル即死の「連鎖BAN地獄」,,"第3波が2月5日。被害がさらに拡大。
第4波が2月18日。AI系チャンネルの収益化停止が開始。
もう地獄絵図です。",,,,"Dark cinematic atmosphere, red neon lights, shadow contrast, dramatic lighting, warning sign, 8k","Ominous digital background, glitch effect, red and black color palette, high tension, cinematic photography"
7,パート1：【警告】明日は我が身。1ミスで全チャンネル即死の「連鎖BAN地獄」,,> 📸 【T1 レジギガスの直訴ツイート — 171万インプレッション】,,,,"A stylish screen capture overlay showing ""T1 レジギガスの直訴ツイート — 171万インプレッション"", YouTube UI elements, dark mode, high quality, neon blue accents","A high-tech digital screenshot of ""T1 レジギガスの直訴ツイート — 171万インプレッション"", UI mockup, cinematic lighting, depth of field, 8k resolution"
8,パート1：【警告】明日は我が身。1ミスで全チャンネル即死の「連鎖BAN地獄」,,"Xではもう阿鼻叫喚の状態です。
たとえばこの方。いいね4,797、インプレッション171万もの反響があった投稿ですが、
@TeamYouTubeにこう訴えています。",,,,"A stylish abstract background, dark mode, cinematic lighting, neon blue accents, high resolution","Minimalist futuristic interface, glowing particles, dark background, 4k ultra detailed, professional YouTube setup"
9,パート1：【警告】明日は我が身。1ミスで全チャンネル即死の「連鎖BAN地獄」,,"「再審査も行いましたが、『量産型コンテンツ』と判断され、現在も収益化が停止されたままです。本チャンネルは一本一本、内容・構成を考えて制作しており、AI等で量産的に複製できるコンテンツではありません」
> 📸 【T2 ペンギンの2000万消失ツイート — 13.8万インプレッション】",,,,"A stylish screen capture overlay showing ""T2 ペンギンの2000万消失ツイート — 13.8万インプレッション"", YouTube UI elements, dark mode, high quality, neon blue accents","A high-tech digital screenshot of ""T2 ペンギンの2000万消失ツイート — 13.8万インプレッション"", UI mockup, cinematic lighting, depth of field, 8k resolution"
10,パート1：【警告】明日は我が身。1ミスで全チャンネル即死の「連鎖BAN地獄」,,"こちらの方はもっと衝撃的です。
「2,000万消し飛びました。去年だけで2,000万収益化してるチャンネルだったのでガチで萎えました。実質消し飛んだと言ってもいい」
2,000万ですよ。一瞬で消え飛ぶ。",,,,"A stylish abstract background, dark mode, cinematic lighting, neon blue accents, high resolution","Minimalist futuristic interface, glowing particles, dark background, 4k ultra detailed, professional YouTube setup"
11,パート1：【警告】明日は我が身。1ミスで全チャンネル即死の「連鎖BAN地獄」,,> 📸 【SS2 セシチャンネルの直訴】,,,,"A stylish screen capture overlay showing ""SS2 セシチャンネルの直訴"", YouTube UI elements, dark mode, high quality, neon blue accents","A high-tech digital screenshot of ""SS2 セシチャンネルの直訴"", UI mockup, cinematic lighting, depth of field, 8k resolution"
12,パート1：【警告】明日は我が身。1ミスで全チャンネル即死の「連鎖BAN地獄」,,"別の方も、@TeamYouTubeに直接訴えています。
「全て内容が違い、手作業の動画で全くの誤りです。迅速な収益化の復旧をお願い致します」
> 📸 【SS4 大総源知の再審査却下 — 1,608いいね】",,,,"A stylish screen capture overlay showing ""SS4 大総源知の再審査却下 — 1,608いいね"", YouTube UI elements, dark mode, high quality, neon blue accents","A high-tech digital screenshot of ""SS4 大総源知の再審査却下 — 1,608いいね"", UI mockup, cinematic lighting, depth of field, 8k resolution"
13,パート1：【警告】明日は我が身。1ミスで全チャンネル即死の「連鎖BAN地獄」,,"この方は再審査請求すら却下されています。
「オリジナルのイラスト、台本を使用し、編集にも拘っています。再審査請求の判定に誤りがあると思われます」
いいねが1,608。つまり、同じ境遇の人がそれだけいるということです。",,,,"Professional video editing workspace, glowing monitors, timeline interface, dark room, neon lighting, 8k","Creative technology concept, glowing UI elements, precise measurement tools, futuristic studio, cinematic"
14,パート1：【警告】明日は我が身。1ミスで全チャンネル即死の「連鎖BAN地獄」,,"こんにちは、SUYAです。
今回は、この「YouTube収益化停止騒動」について、何が起きているのか、なぜ起きているのか、そしてこれからどうすればいいのか。この3つを、できるだけ冷静に整理していきたいと思います。
結論から言うと、今回の収益化停止で主にやられているのは、いわゆる「非属人チャンネル」と呼ばれるタイプのYouTubeチャンネルです。",,,,"A stylish abstract background, dark mode, cinematic lighting, neon blue accents, high resolution","Minimalist futuristic interface, glowing particles, dark background, 4k ultra detailed, professional YouTube setup"
15,パート1：【警告】明日は我が身。1ミスで全チャンネル即死の「連鎖BAN地獄」,,"非属人チャンネルって何かというと、簡単に言えば「運営者の顔や声を出さずに運営するチャンネル」のことですね。
たとえば、ゆっくり解説。霊夢と魔理沙のキャラクターが会話しながら解説する、あのスタイルです。
それから、雑学ランキング系。「知らないと損する○○10選」みたいなやつですね。画像をスライドさせながら、合成音声がナレーションしていく。",,,,"A stylish abstract background, dark mode, cinematic lighting, neon blue accents, high resolution","Minimalist futuristic interface, glowing particles, dark background, 4k ultra detailed, professional YouTube setup"
16,パート1：【警告】明日は我が身。1ミスで全チャンネル即死の「連鎖BAN地獄」,,"2chまとめ系、掲示板の書き込みをスクロールしながら読み上げていくもの。
あとは漫画動画、要約チャンネル、切り抜きチャンネル。
で、ここ大事なんですけど、非属人チャンネルって別に悪いことをやっているわけじゃないんですよ。",,,,"A stylish abstract background, dark mode, cinematic lighting, neon blue accents, high resolution","Minimalist futuristic interface, glowing particles, dark background, 4k ultra detailed, professional YouTube setup"
17,パート1：【警告】明日は我が身。1ミスで全チャンネル即死の「連鎖BAN地獄」,,"会社員の方で、職業上どうしても顔出しできない人っていますよね。公務員の方とか、副業禁止の会社にいる方とか。家族のことを考えるとプライバシー的に顔を出したくないって方もいる。
そういう方にとって、顔を出さず、匿名のまま、自分の好きなことや得意なことを発信して、それが仕事になる。これってめちゃくちゃ素晴らしいことじゃないですか。
しかも、視聴者だってちゃんと楽しんでるんですよね。ゆっくり解説で歴史を学んだり、雑学ランキングで「へぇー」ってなったり、漫画動画で泣いたり笑ったり。再生数が何百万回も回るのは、それだけ多くの人が「面白い」「ためになる」って思ってるからですよ。",,,,"A stylish abstract background, dark mode, cinematic lighting, neon blue accents, high resolution","Minimalist futuristic interface, glowing particles, dark background, 4k ultra detailed, professional YouTube setup"
18,パート1：【警告】明日は我が身。1ミスで全チャンネル即死の「連鎖BAN地獄」,,"つまり、非属人チャンネルというスタイル自体には、何の問題もない。クリエイターにとっても視聴者にとっても、価値のある表現方法なんです。
ただ、このスタイルには構造的な特徴がありまして。
運営者の顔は出ない。声も合成音声やVOICEVOX。台本はテンプレートに沿って作る。画像素材はフリー素材やスクリーンショット。つまり、チャンネルの見た目が「この人だから見る」ではなく、「このジャンルの情報が欲しいから見る」という構造になっている。",,,,"A stylish abstract background, dark mode, cinematic lighting, neon blue accents, high resolution","Minimalist futuristic interface, glowing particles, dark background, 4k ultra detailed, professional YouTube setup"
19,パート1：【警告】明日は我が身。1ミスで全チャンネル即死の「連鎖BAN地獄」,,"結果として何が起きたかというと、参入者が爆発的に増えたんです。
顔出し不要だから副業でもできる。声出し不要だから外注もしやすい。テンプレートがあれば、極端な話、動画制作の経験がなくても参入できる。
実際、「非属人YouTubeで月○万円」みたいな情報商材やコンサルもかなり出回っていましたよね。",,,,"A stylish abstract background, dark mode, cinematic lighting, neon blue accents, high resolution","Minimalist futuristic interface, glowing particles, dark background, 4k ultra detailed, professional YouTube setup"
20,パート1：【警告】明日は我が身。1ミスで全チャンネル即死の「連鎖BAN地獄」,,"で、まさにそういったチャンネルが、画像をスライドさせていくタイプの動画を中心に、YouTubeから一斉に排除され始めているんです。
そんな背景で、 • テンプレで量産されている • 読み上げ・切り貼りに見える • 作り手の判断や思考が見えない
みたいなチャンネルが、 土俵から降ろされている",,,,"Futuristic artificial intelligence core, glowing blue nodes, digital network, cyberpunk aesthetic, 8k","Endless rows of identical robots, assembly line, digital grid background, cinematic lighting, high tech"
21,パート1：【警告】明日は我が身。1ミスで全チャンネル即死の「連鎖BAN地獄」,,"みたいな話がにぎわっています。
とはいえ・・・実際のところ非属人チャンネルやってる人からすれば、
• テンプレで量産されている →テンプレで量産してがっつり再生回る動画あるんだったらこっちが知りてえわ・・・。",,,,"Futuristic artificial intelligence core, glowing blue nodes, digital network, cyberpunk aesthetic, 8k","Endless rows of identical robots, assembly line, digital grid background, cinematic lighting, high tech"
22,パート1：【警告】明日は我が身。1ミスで全チャンネル即死の「連鎖BAN地獄」,,"• 読み上げ・切り貼りに見える →VOICEBOXやYMM4のほうが聞き取りやすいのに何が悪いの？
• 作り手の判断や思考が見えない →視聴者が喜ぶものを作っているだけなのに、なぜ運営者がわざわざ我を出さなきゃいけないの？
みたいな感じで、",,,,"A stylish abstract background, dark mode, cinematic lighting, neon blue accents, high resolution","Minimalist futuristic interface, glowing particles, dark background, 4k ultra detailed, professional YouTube setup"
23,パート1：【警告】明日は我が身。1ミスで全チャンネル即死の「連鎖BAN地獄」,,"今回収益化停止を食らった人の大部分が
ちゃんとやっていたのに、何が悪いの？ むしろ、 • 毎日投稿していた • 再生数も回っていた • ルールを守っているつもりだった のに！
って感じだと思います。",,,,"A stylish abstract background, dark mode, cinematic lighting, neon blue accents, high resolution","Minimalist futuristic interface, glowing particles, dark background, 4k ultra detailed, professional YouTube setup"
24,パート1：【警告】明日は我が身。1ミスで全チャンネル即死の「連鎖BAN地獄」,,"もしかしたら、この動画を見ている方の中にも、非属人チャンネルを運営しているよって方もいらっしゃるかもしれません。
私がやっている動画編集スクールでも、非属人チャンネルをやっていらっしゃる方がたくさんいます。
今日は、そういった非属人チャンネルを運営している方が、今後どうしていけばいいのか。何が本当の原因で、どこをどう変えれば生き残れるのか。そこまでしっかり掘り下げてお話ししていきます。",,,,"Professional video editing workspace, glowing monitors, timeline interface, dark room, neon lighting, 8k","Creative technology concept, glowing UI elements, precise measurement tools, futuristic studio, cinematic"
25,パート1：【警告】明日は我が身。1ミスで全チャンネル即死の「連鎖BAN地獄」,,"ただ、ここからが本当に怖い話でして。
これ、地味に大事なんですけど、知っていますか？
もしあなたのチャンネルが1つでもポリシー違反と判定された瞬間、同じアドセンスに紐づいている全チャンネルの収益が、完全に停止されます。",,,,"Dark cinematic atmosphere, red neon lights, shadow contrast, dramatic lighting, warning sign, 8k","Ominous digital background, glitch effect, red and black color palette, high tension, cinematic photography"
26,パート1：【警告】明日は我が身。1ミスで全チャンネル即死の「連鎖BAN地獄」,,> 📸 【SS5 ギャンマの連鎖BAN — 収益100万消失】,,,,"A stylish screen capture overlay showing ""SS5 ギャンマの連鎖BAN — 収益100万消失"", YouTube UI elements, dark mode, high quality, neon blue accents","A high-tech digital screenshot of ""SS5 ギャンマの連鎖BAN — 収益100万消失"", UI mockup, cinematic lighting, depth of field, 8k resolution"
27,パート1：【警告】明日は我が身。1ミスで全チャンネル即死の「連鎖BAN地獄」,,"「連鎖BANエグいわ。第2波で1ch収益化停止。第3波で1ch。関連チャンネルが原因で2ch。1月分の収益100万が消し飛んだ」
> 📸 【SS3 オコジョ — 4ch一気停止】",,,,"A stylish screen capture overlay showing ""SS3 オコジョ — 4ch一気停止"", YouTube UI elements, dark mode, high quality, neon blue accents","A high-tech digital screenshot of ""SS3 オコジョ — 4ch一気停止"", UI mockup, cinematic lighting, depth of field, 8k resolution"
28,パート1：【警告】明日は我が身。1ミスで全チャンネル即死の「連鎖BAN地獄」,,"さらにこの方。
「4チャンネル一気に食らった。属人チャンネルもろとも。YouTube側に問い合わせても『復活は無理です』と断言された」
どういうことかといいますと、",,,,"Bright glowing future, upward arrow made of light, cyan and gold particles, success concept, 8k resolution","A glowing door opening to bright light, volumetric lighting, hopeful atmosphere, cinematic, highly detailed"
29,パート1：【警告】明日は我が身。1ミスで全チャンネル即死の「連鎖BAN地獄」,,"しかも、50日以内に異議申し立てに成功しなければ、停止中の未払い収益は全額取り消し。
1円も受け取れません。
「いやいや、自分は真面目にやってるから大丈夫でしょ」",,,,"A stylish abstract background, dark mode, cinematic lighting, neon blue accents, high resolution","Minimalist futuristic interface, glowing particles, dark background, 4k ultra detailed, professional YouTube setup"
30,パート1：【警告】明日は我が身。1ミスで全チャンネル即死の「連鎖BAN地獄」,,"……そう思った方こそ、最後まで聞いてください。
> 📸 【T10 東北さんのVOICEPEAK誤判定ツイート】",,,,"A stylish screen capture overlay showing ""T10 東北さんのVOICEPEAK誤判定ツイート"", YouTube UI elements, dark mode, high quality, neon blue accents","A high-tech digital screenshot of ""T10 東北さんのVOICEPEAK誤判定ツイート"", UI mockup, cinematic lighting, depth of field, 8k resolution"
31,パート1：【警告】明日は我が身。1ミスで全チャンネル即死の「連鎖BAN地獄」,,"この方はこう警鐘を鳴らしています。
「VOICEPEAKという合成音声ソフトを使用していたため、AI生成の動画と判断されてしまったようです。当然、私の動画には一切AIは使用しておらず、動画、台本も全て私が1から作っていました。『停止されてない人もいるから大丈夫』ではありません。該当する方は全員常にリスクがある事を頭の片隅に置いておいた方がいいです」
今回のBAN祭りで消されているのは、まさに「真面目にやっていた人たち」なんですよね。",,,,"Futuristic artificial intelligence core, glowing blue nodes, digital network, cyberpunk aesthetic, 8k","Endless rows of identical robots, assembly line, digital grid background, cinematic lighting, high tech"
32,パート2：【絶望の真実】ポンコツAIのせいじゃない！「量産型」の本当の恐ろしさ,,"SNSを見ていると、「YouTubeのAIがポンコツすぎる」「誤BANだ」ってかなり騒がれていますよね。
> 📸 【SS1 TeamYouTubeの公式お詫び — 1,368いいね】",,,,"A stylish screen capture overlay showing ""SS1 TeamYouTubeの公式お詫び — 1,368いいね"", YouTube UI elements, dark mode, high quality, neon blue accents","A high-tech digital screenshot of ""SS1 TeamYouTubeの公式お詫び — 1,368いいね"", UI mockup, cinematic lighting, depth of field, 8k resolution"
33,パート2：【絶望の真実】ポンコツAIのせいじゃない！「量産型」の本当の恐ろしさ,,"実際、@TeamYouTubeの公式アカウントも「慎重な調査の結果、当初の判断に誤りがあったことが判明いたしました」って謝罪しているんですね。いいね1,368、リポスト200。それだけ反響があった。
つまり、誤BANが起きていること自体は事実です。
> 📸 【T15 手描きイラスト＆声優入りまで量産判定】",,,,"A stylish screen capture overlay showing ""T15 手描きイラスト＆声優入りまで量産判定"", YouTube UI elements, dark mode, high quality, neon blue accents","A high-tech digital screenshot of ""T15 手描きイラスト＆声優入りまで量産判定"", UI mockup, cinematic lighting, depth of field, 8k resolution"
34,パート2：【絶望の真実】ポンコツAIのせいじゃない！「量産型」の本当の恐ろしさ,,"第4波では「手描きイラスト＆声優入り動画まで『大量生産』判定」されたという報告まで出ています。
「オリジナルで労力かけたチャンネルまで巻き込まれてる…YouTubeのAIが暴走中？」
確かに、消されたチャンネルの中には理不尽なケースもあります。",,,,"Futuristic artificial intelligence core, glowing blue nodes, digital network, cyberpunk aesthetic, 8k","Endless rows of identical robots, assembly line, digital grid background, cinematic lighting, high tech"
35,パート2：【絶望の真実】ポンコツAIのせいじゃない！「量産型」の本当の恐ろしさ,,"「魁!!男塾」の公式チャンネル。ボイスコミックだから量産型扱い。
丁寧に作られていた恋愛漫画チャンネルも巻き添え。
登録者50万人を超えるチャンネルですら止まっている。",,,,"Futuristic artificial intelligence core, glowing blue nodes, digital network, cyberpunk aesthetic, 8k","Endless rows of identical robots, assembly line, digital grid background, cinematic lighting, high tech"
36,パート2：【絶望の真実】ポンコツAIのせいじゃない！「量産型」の本当の恐ろしさ,,"ただ、結論から言うと、「AIがポンコツだ」で思考停止していると、次に消されるのは自分です。
大物すら消されているのには、明確な理由があるんですね。
ここで1つ、重要な事実をお伝えします。",,,,"Futuristic artificial intelligence core, glowing blue nodes, digital network, cyberpunk aesthetic, 8k","Endless rows of identical robots, assembly line, digital grid background, cinematic lighting, high tech"
37,パート2：【絶望の真実】ポンコツAIのせいじゃない！「量産型」の本当の恐ろしさ,,"収益化停止を食らうと、YouTubeからこういうメッセージが届きます。
「ほかの動画と違いがほとんどない」
「多数の動画で同様のテンプレートが使用されている」",,,,"A stylish abstract background, dark mode, cinematic lighting, neon blue accents, high resolution","Minimalist futuristic interface, glowing particles, dark background, 4k ultra detailed, professional YouTube setup"
38,パート2：【絶望の真実】ポンコツAIのせいじゃない！「量産型」の本当の恐ろしさ,,"これを読んだ方のほとんどが、こう解釈するんですよね。
「自分は同じ動画を再投稿なんてしてないから関係ない」
「テンプレートなんて使ってないから大丈夫」",,,,"A stylish abstract background, dark mode, cinematic lighting, neon blue accents, high resolution","Minimalist futuristic interface, glowing particles, dark background, 4k ultra detailed, professional YouTube setup"
39,パート2：【絶望の真実】ポンコツAIのせいじゃない！「量産型」の本当の恐ろしさ,,"……ここが落とし穴なんです。
YouTubeが言っている「ほかの動画と違いがほとんどない」は、「あなたの過去動画の使い回し」って意味じゃないんですよ。
「みんなの動画と違いがほとんどない」って意味なんです。",,,,"A stylish abstract background, dark mode, cinematic lighting, neon blue accents, high resolution","Minimalist futuristic interface, glowing particles, dark background, 4k ultra detailed, professional YouTube setup"
40,パート2：【絶望の真実】ポンコツAIのせいじゃない！「量産型」の本当の恐ろしさ,,"つまり、業界全体を見渡したときに、あなたのチャンネルの動画が、他の誰かのチャンネルと見分けがつかない。同じような構成、同じようなAI音声、同じようなスライドショー。
これが「量産型」の正体ですね。
仕組みとしてはこうです。",,,,"Futuristic artificial intelligence core, glowing blue nodes, digital network, cyberpunk aesthetic, 8k","Endless rows of identical robots, assembly line, digital grid background, cinematic lighting, high tech"
41,パート2：【絶望の真実】ポンコツAIのせいじゃない！「量産型」の本当の恐ろしさ,,"新しいジャンルが生まれるとき、必ずファーストペンギンがいますよね。
そのペンギンを見て、2匹目が真似をする。3匹目が続く。10匹目、50匹目、101匹目……
YouTubeは今回、この「101匹目のペンギン」を容赦なく駆逐しに来ているんです。",,,,"A stylish abstract background, dark mode, cinematic lighting, neon blue accents, high resolution","Minimalist futuristic interface, glowing particles, dark background, 4k ultra detailed, professional YouTube setup"
42,パート2：【絶望の真実】ポンコツAIのせいじゃない！「量産型」の本当の恐ろしさ,,> 📸 【T9 ackey連鎖BAN解説】,,,,"A stylish screen capture overlay showing ""T9 ackey連鎖BAN解説"", YouTube UI elements, dark mode, high quality, neon blue accents","A high-tech digital screenshot of ""T9 ackey連鎖BAN解説"", UI mockup, cinematic lighting, depth of field, 8k resolution"
43,パート2：【絶望の真実】ポンコツAIのせいじゃない！「量産型」の本当の恐ろしさ,,"Xでもこの本質を見抜いている方がいまして。
「ペナルティの対象は『チャンネル』ではなく、運営している『ユーザー本人』に課せられるようになっている。『どうやって規約の裏をかくか』を考えるフェーズはもう終わり」
しかも、これは日本だけの話じゃないです。海外の主要ディストリビューターもYouTube向けに規約を改正しまくっている。YouTubeが本腰を入れてきているサインなんですね。",,,,"A stylish abstract background, dark mode, cinematic lighting, neon blue accents, high resolution","Minimalist futuristic interface, glowing particles, dark background, 4k ultra detailed, professional YouTube setup"
44,パート2：【絶望の真実】ポンコツAIのせいじゃない！「量産型」の本当の恐ろしさ,,"ポンコツAIのせいじゃないんですよ。これはYouTubeの「構造的な意思」です。
ここだけ覚えてもらえれば大丈夫です。
「自分の動画が量産型かどうか」じゃなくて、「業界全体から見て量産型に見えるかどうか」。",,,,"Futuristic artificial intelligence core, glowing blue nodes, digital network, cyberpunk aesthetic, 8k","Endless rows of identical robots, assembly line, digital grid background, cinematic lighting, high tech"
45,パート2：【絶望の真実】ポンコツAIのせいじゃない！「量産型」の本当の恐ろしさ,,"この基準で、あなたのチャンネルを見直してください。
「じゃあ、問題のあるチャンネルは捨てて、新しいアカウントで始め直せばいいのでは？」
……残念ながら、その逃げ道は完全に塞がれています。",,,,"A stylish abstract background, dark mode, cinematic lighting, neon blue accents, high resolution","Minimalist futuristic interface, glowing particles, dark background, 4k ultra detailed, professional YouTube setup"
46,パート3：【逃げ道ゼロ】YouTubeが突きつける「タダ働き」の現実,,"収益化停止を食らった後の選択肢は2つあります。
オプション1。今すぐ再審査を申し込む。
オプション2。90日間の改善期間をもらって、動画を直してから再申請する。",,,,"A stylish abstract background, dark mode, cinematic lighting, neon blue accents, high resolution","Minimalist futuristic interface, glowing particles, dark background, 4k ultra detailed, professional YouTube setup"
47,パート3：【逃げ道ゼロ】YouTubeが突きつける「タダ働き」の現実,,"ただ、ここに大きな罠がありまして。
どちらを選んでも、1チャンネルでも収益停止を食らった瞬間、そのアドセンスに紐づいている全チャンネルが即座に収益停止になります。オプション1でも、オプション2でも、結果は同じなんですよね。全チャンネル、収益ゼロ。
「じゃあもう、そのアカウントは捨てよう。新しいアカウントで新しいチャンネルを作ればいい」",,,,"A stylish abstract background, dark mode, cinematic lighting, neon blue accents, high resolution","Minimalist futuristic interface, glowing particles, dark background, 4k ultra detailed, professional YouTube setup"
48,パート3：【逃げ道ゼロ】YouTubeが突きつける「タダ働き」の現実,,"YouTube公式サポートに直接聞いた方がいます。返ってきた答えがこれです。
「今回収益化停止になったチャンネルを改善し、再収益化するまでは、新しいチャンネルでの収益化は認められません」
> 📸 【T11 花月エアリーの直訴 — 319いいね】",,,,"A stylish screen capture overlay showing ""T11 花月エアリーの直訴 — 319いいね"", YouTube UI elements, dark mode, high quality, neon blue accents","A high-tech digital screenshot of ""T11 花月エアリーの直訴 — 319いいね"", UI mockup, cinematic lighting, depth of field, 8k resolution"
49,パート3：【逃げ道ゼロ】YouTubeが突きつける「タダ働き」の現実,,"再審査に通ることも簡単じゃないです。たとえばこの方。
「台本を1から自分で制作しております。配信も定期的に行い、リスナー様と活発に交流しております。再審査要求も棄却されてしまいましたが、どうか今一度ご確認を」
> 📸 【T5 かぶまる — 3度目の収益化剥奪】",,,,"A stylish screen capture overlay showing ""T5 かぶまる — 3度目の収益化剥奪"", YouTube UI elements, dark mode, high quality, neon blue accents","A high-tech digital screenshot of ""T5 かぶまる — 3度目の収益化剥奪"", UI mockup, cinematic lighting, depth of field, 8k resolution"
50,パート3：【逃げ道ゼロ】YouTubeが突きつける「タダ働き」の現実,,"別の方に至っては、「3度目の収益化剥奪」ですよ。
「副業勢として全力で頑張ってきましたがそろそろ潮時かもしれません。投資系ゆっくり解説に負ける気はしません。しかしAquesTalkとAIを使った動画作成は限界かもしれません。リスクが高すぎます」
> 📸 【T12 D2oMcの具体的対処法】",,,,"A stylish screen capture overlay showing ""T12 D2oMcの具体的対処法"", YouTube UI elements, dark mode, high quality, neon blue accents","A high-tech digital screenshot of ""T12 D2oMcの具体的対処法"", UI mockup, cinematic lighting, depth of field, 8k resolution"
51,パート3：【逃げ道ゼロ】YouTubeが突きつける「タダ働き」の現実,,"ちなみに、具体的な対処法としてはこういう声もあります。
「再審査請求に落ちたら、ポリシー違反してる動画を消して、100%違反ではない動画を作り、3ヶ月後の再審査請求に挑むのがベスト。Googleアカウント削除とか小手先のことではなく、根本的にちゃんとYouTubeに向き合おう」
> 📸 【T7 ゆっくり数学 — 復活成功！ 439いいね】",,,,"A stylish screen capture overlay showing ""T7 ゆっくり数学 — 復活成功！ 439いいね"", YouTube UI elements, dark mode, high quality, neon blue accents","A high-tech digital screenshot of ""T7 ゆっくり数学 — 復活成功！ 439いいね"", UI mockup, cinematic lighting, depth of field, 8k resolution"
52,パート3：【逃げ道ゼロ】YouTubeが突きつける「タダ働き」の現実,,"一方で、復活に成功した方もいます。
「収益化復活しました！！再審査が却下されてからの復活なので、皆様のコミュニティ投稿での応援コメントや、Xでの拡散のおかげです！」
> 📸 【T8 bobuの「Xで訴えると復活」】",,,,"A stylish screen capture overlay showing ""T8 bobuの「Xで訴えると復活」"", YouTube UI elements, dark mode, high quality, neon blue accents","A high-tech digital screenshot of ""T8 bobuの「Xで訴えると復活」"", UI mockup, cinematic lighting, depth of field, 8k resolution"
53,パート3：【逃げ道ゼロ】YouTubeが突きつける「タダ働き」の現実,,"実は、Xで@TeamYouTubeに英語で直接メンションを送り、編集画面などの証拠を添えてアピールすると対応してもらえるケースが出始めています。
「声を上げれば変わる。漫画系・ゆっくり解説系のチャンネルが、次々復活。『X発の声』が現実を動かした」
ただし、全員が復活できるわけではないです。これ、かなり厳しい状況なんですよね。",,,,"Bright glowing future, upward arrow made of light, cyan and gold particles, success concept, 8k resolution","A glowing door opening to bright light, volumetric lighting, hopeful atmosphere, cinematic, highly detailed"
54,パート4：【残酷な生存条件】「シェフの味付け」だけではもう生き残れない,,"ここまで聞いて、こう考えた方も多いと思います。
「要するに、AIに丸投げせず、自分の考察とか、人間味を足せばいいんでしょ？」
他のYouTuberの方もみんなそう言ってますよね。",,,,"Futuristic artificial intelligence core, glowing blue nodes, digital network, cyberpunk aesthetic, 8k","Endless rows of identical robots, assembly line, digital grid background, cinematic lighting, high tech"
55,パート4：【残酷な生存条件】「シェフの味付け」だけではもう生き残れない,,"「独自の一次情報を入れましょう」
「コメント欄で視聴者と交流しましょう」
「AIに丸投げするな、シェフの味付けをしましょう」",,,,"Futuristic artificial intelligence core, glowing blue nodes, digital network, cyberpunk aesthetic, 8k","Endless rows of identical robots, assembly line, digital grid background, cinematic lighting, high tech"
56,パート4：【残酷な生存条件】「シェフの味付け」だけではもう生き残れない,,"間違ってはいないです。でも、正直に言うと……足りないんですよね。
> 📸 【T4 合成音声オワコン化の予言 — 13.4万インプレッション】",,,,"A stylish screen capture overlay showing ""T4 合成音声オワコン化の予言 — 13.4万インプレッション"", YouTube UI elements, dark mode, high quality, neon blue accents","A high-tech digital screenshot of ""T4 合成音声オワコン化の予言 — 13.4万インプレッション"", UI mockup, cinematic lighting, depth of field, 8k resolution"
57,パート4：【残酷な生存条件】「シェフの味付け」だけではもう生き残れない,,"Xでインプレッション13万を超えたこの投稿が本質を突いています。
「丁寧に調べたり工夫して作った合成音声を使った動画も、AI動画の粗製乱造に巻き込まれて収益一括剥奪の流れになりそう。YouTubeも営利企業なのでブランド価値を守るためにも一括収益剥奪するしかなくなる。今後は生声実況や解説が必要な時代になるのかな？」
今回のBANラッシュを実際に食らった側の方も、はっきりとこう言っています。",,,,"Futuristic artificial intelligence core, glowing blue nodes, digital network, cyberpunk aesthetic, 8k","Endless rows of identical robots, assembly line, digital grid background, cinematic lighting, high tech"
58,パート4：【残酷な生存条件】「シェフの味付け」だけではもう生き残れない,,"「今後のYouTubeで生き残るのは、After EffectsやBlender、3Dアニメーションなど、編集技術がある程度高い動画だけだ」
「5年後にはそうなるかと思っていたが、今年からそんな傾向になっていくのかもしれない」
> 📸 【T14 「今回ばかりは終わりかも」】",,,,"A stylish screen capture overlay showing ""T14 「今回ばかりは終わりかも」"", YouTube UI elements, dark mode, high quality, neon blue accents","A high-tech digital screenshot of ""T14 「今回ばかりは終わりかも」"", UI mockup, cinematic lighting, depth of field, 8k resolution"
59,パート4：【残酷な生存条件】「シェフの味付け」だけではもう生き残れない,,"ゆっくり系の古参ファンからもこんな声が。
「クソみたいなクオリティでAI製ゆっくり動画を量産して、真面目に投稿してきた人らがとばっちりの収益化停止受ける。何回もゆっくり収益化停止騒動あったけど今回ばかりは終わりかもしれん」
> 📸 【T13 「好きだったチャンネルが全削除で涙止まらない」】",,,,"A stylish screen capture overlay showing ""T13 「好きだったチャンネルが全削除で涙止まらない」"", YouTube UI elements, dark mode, high quality, neon blue accents","A high-tech digital screenshot of ""T13 「好きだったチャンネルが全削除で涙止まらない」"", UI mockup, cinematic lighting, depth of field, 8k resolution"
60,パート4：【残酷な生存条件】「シェフの味付け」だけではもう生き残れない,,"視聴者側からも。
「ゆっくり収益化停止祭りに巻き込まれて動画全削除の流れとなり涙が止まらない」
今回、私も、ほかのチャンネルをいくつか運営していたり、動画編集スクールの運営もしていたりするので、いろんな情報が入ってきます。",,,,"Professional video editing workspace, glowing monitors, timeline interface, dark room, neon lighting, 8k","Creative technology concept, glowing UI elements, precise measurement tools, futuristic studio, cinematic"
61,パート4：【残酷な生存条件】「シェフの味付け」だけではもう生き残れない,,"で、みなさんが気になるであろう疑問を、私の知り合いがYouTubeのサポートに直接聞いてくれたので、その回答を共有しますね。
まず1つ目。
「今のチャンネルのジャンルを大幅に変更して再収益化に臨むのは問題ないですか？」",,,,"A stylish abstract background, dark mode, cinematic lighting, neon blue accents, high resolution","Minimalist futuristic interface, glowing particles, dark background, 4k ultra detailed, professional YouTube setup"
62,パート4：【残酷な生存条件】「シェフの味付け」だけではもう生き残れない,,"YouTube側の回答はこうです。
「YouTubeパートナープログラムの規約に準拠している限り、ジャンル変更に関しての問題はございません」
これ、良かったと思った人、少なくないんじゃないですかね。ジャンルを変えること自体はOKなんです。",,,,"A stylish abstract background, dark mode, cinematic lighting, neon blue accents, high resolution","Minimalist futuristic interface, glowing particles, dark background, 4k ultra detailed, professional YouTube setup"
63,パート4：【残酷な生存条件】「シェフの味付け」だけではもう生き残れない,,"次、2つ目。
「複数チャンネルが収益化停止している場合、全てのチャンネルの再収益化申請が通って初めて完全に元に戻るという流れになるのでしょうか？」
回答。",,,,"A stylish abstract background, dark mode, cinematic lighting, neon blue accents, high resolution","Minimalist futuristic interface, glowing particles, dark background, 4k ultra detailed, professional YouTube setup"
64,パート4：【残酷な生存条件】「シェフの味付け」だけではもう生き残れない,,"「はい、ご認識の通りでお間違いございません。運営なさっているチャンネル1つでもYouTubeパートナープログラムの規約に違反しているとの判断がされ、再審査請求が不承認となった場合は、他チャンネルの収益化を有効化できません。運営なさっているチャンネル全てが規約に準拠して収益化が有効な状態である必要がございます」
こんなプレッシャーかかる審査、なかなかないですよ。1チャンネルでもダメだったら、全部ダメ。
3つ目。",,,,"A stylish abstract background, dark mode, cinematic lighting, neon blue accents, high resolution","Minimalist futuristic interface, glowing particles, dark background, 4k ultra detailed, professional YouTube setup"
65,パート4：【残酷な生存条件】「シェフの味付け」だけではもう生き残れない,,"「特に問題なく現時点も収益化できているチャンネルが、残りのチャンネルの影響で収益化停止となった場合、運営方針など変更しなくても他のチャンネルが再収益化されればこちらのチャンネルも元通りになりますか？」
回答。
「関連チャンネルとして収益化が停止されたチャンネルに関しては、もとのポリシー違反をしたチャンネルの収益化が有効になり次第、収益化を再開することができるようになります」",,,,"A stylish abstract background, dark mode, cinematic lighting, neon blue accents, high resolution","Minimalist futuristic interface, glowing particles, dark background, 4k ultra detailed, professional YouTube setup"
66,パート4：【残酷な生存条件】「シェフの味付け」だけではもう生き残れない,,"これはよかった。ただ、投稿を止めてしまうと再生回数の基準を満たさなくなるリスクがあるので、巻き添えチャンネルも多少は投稿を続けておいた方がいいですね。
そして最後、これも聞いておきました。
「今回、1月28日に収益が停止されたチャンネルに関しては、1月28日までの収益は受け取れるのでしょうか？」",,,,"A stylish abstract background, dark mode, cinematic lighting, neon blue accents, high resolution","Minimalist futuristic interface, glowing particles, dark background, 4k ultra detailed, professional YouTube setup"
67,パート4：【残酷な生存条件】「シェフの味付け」だけではもう生き残れない,,"回答。
「停止から50日以内に異議申し立てに成功した場合、停止された収益は次の支払いサイクルで再投入され、現在の収益とまとめて計上されます。ただし、50日以内に異議申し立てに成功しなかった場合、収益は取り消されます」
つまり、ほとんどの人は受け取れないってことですよね。50日以内に異議申し立てが通る人なんて、ごくわずかですから。",,,,"A stylish abstract background, dark mode, cinematic lighting, neon blue accents, high resolution","Minimalist futuristic interface, glowing particles, dark background, 4k ultra detailed, professional YouTube setup"
68,パート4：【残酷な生存条件】「シェフの味付け」だけではもう生き残れない,,"……かなり厳しいです。でも、これが今の現実です。
生き残るための本当の条件は、人間味だけじゃないんです。
技術的品質も必要になってくるんですね。",,,,"Professional video editing workspace, glowing monitors, timeline interface, dark room, neon lighting, 8k","Creative technology concept, glowing UI elements, precise measurement tools, futuristic studio, cinematic"
69,パート4：【残酷な生存条件】「シェフの味付け」だけではもう生き残れない,,"コストを抑えて再生数が回る動画を量産する——その戦い方は、もう通用しなくなりました。
これからのYouTubeは、大きく2つに分かれると思います。
穴を潜り抜けて短期で稼ぎ逃げする人たちか。",,,,"Futuristic artificial intelligence core, glowing blue nodes, digital network, cyberpunk aesthetic, 8k","Endless rows of identical robots, assembly line, digital grid background, cinematic lighting, high tech"
70,パート4：【残酷な生存条件】「シェフの味付け」だけではもう生き残れない,,"高い編集技術を武器に、安定して堅実にチャンネルを運営していく人たちか。
もちろん、私がおすすめするのは後者です。圧倒的に後者です。
で、後者の道を歩みたいんだけど、「何から手をつけていいかわからない」「一人で学ぶのが正直不安」っていう方もいると思うんですよね。",,,,"Professional video editing workspace, glowing monitors, timeline interface, dark room, neon lighting, 8k","Creative technology concept, glowing UI elements, precise measurement tools, futuristic studio, cinematic"
71,パート4：【残酷な生存条件】「シェフの味付け」だけではもう生き残れない,,"実は、私が運営している動画編集スクールでは、まさに今回のような状況に対応するための編集スキルを体系的に学べる環境を用意しています。
非属人チャンネルを運営している方も実際に多く在籍していて、「量産型」から脱却するための編集テクニック——アニメーション、モーショングラフィックス、構成の組み方——を、現役のプロから直接学べる場になっています。
「90日間で何を学べばいいか」のロードマップも一緒に組めますし、同じ悩みを抱えている仲間もいるので、モチベーションも続きやすいんですよね。しかも、スキルが身についてきたら動画編集の案件も受けられる環境があるので、収益化が止まっている間の収入源にもなります。",,,,"Futuristic artificial intelligence core, glowing blue nodes, digital network, cyberpunk aesthetic, 8k","Endless rows of identical robots, assembly line, digital grid background, cinematic lighting, high tech"
72,パート4：【残酷な生存条件】「シェフの味付け」だけではもう生き残れない,,"興味がある方は、概要欄にリンクを貼っておきますので、ぜひ覗いてみてください。無理に入ってくださいとは言いません。ただ、「今のままじゃまずい」と少しでも感じた方は、その気持ちが鮮度のあるうちに動いてほしいなと思っています。
もし今、収益化停止を食らっている方がいたら。
もし今、「明日は我が身だ」と感じている方がいたら。",,,,"A stylish abstract background, dark mode, cinematic lighting, neon blue accents, high resolution","Minimalist futuristic interface, glowing particles, dark background, 4k ultra detailed, professional YouTube setup"
73,パート5：【逆襲の90日間】今すぐ「量産型」を卒業し、技術的強者へ,,"ここで立ち止まっている場合じゃないです。
> 📸 【T3 ゆっくりトラベルの前向きな姿勢 — 1,896いいね】",,,,"A stylish screen capture overlay showing ""T3 ゆっくりトラベルの前向きな姿勢 — 1,896いいね"", YouTube UI elements, dark mode, high quality, neon blue accents","A high-tech digital screenshot of ""T3 ゆっくりトラベルの前向きな姿勢 — 1,896いいね"", UI mockup, cinematic lighting, depth of field, 8k resolution"
74,パート5：【逆襲の90日間】今すぐ「量産型」を卒業し、技術的強者へ,,"ある方は、ご自身のチャンネルの収益化が停止されたにもかかわらず、こう言っています。
「収益化の状況にかかわらず、通常通り投稿予定です。大型企画も準備中。ゆくトラファミリーの皆さまにはご心配をおかけして申し訳ありません」
いいね1,896。この前向きな姿勢に、視聴者が支持を送っているんですよね。",,,,"A stylish abstract background, dark mode, cinematic lighting, neon blue accents, high resolution","Minimalist futuristic interface, glowing particles, dark background, 4k ultra detailed, professional YouTube setup"
75,パート5：【逆襲の90日間】今すぐ「量産型」を卒業し、技術的強者へ,,> 📸 【T7 ゆっくり数学の復活ストーリー再掲】,,,,"A stylish screen capture overlay showing ""T7 ゆっくり数学の復活ストーリー再掲"", YouTube UI elements, dark mode, high quality, neon blue accents","A high-tech digital screenshot of ""T7 ゆっくり数学の復活ストーリー再掲"", UI mockup, cinematic lighting, depth of field, 8k resolution"
76,パート5：【逆襲の90日間】今すぐ「量産型」を卒業し、技術的強者へ,,"そして、実際に復活した方がこう言っています。
「今回の件を受けて、こんなにも多くの方に支えられていることを改めて実感しました。今後も同じようなことが起きないとも言い切れないため、動画のクオリティやオリジナリティをさらに高めていきたい」
最後に、私の個人的な見解をお話しさせてください。",,,,"Bright glowing future, upward arrow made of light, cyan and gold particles, success concept, 8k resolution","A glowing door opening to bright light, volumetric lighting, hopeful atmosphere, cinematic, highly detailed"
77,パート5：【逆襲の90日間】今すぐ「量産型」を卒業し、技術的強者へ,,"私は、非属人YouTubeが終わったなんて、まったく思っていません。むしろ、今こそがチャンスだと思っています。
確かに、真面目にやっていた方も巻き添えを食らっています。本当に理不尽だと思います。
ただ、この流れは止まらない。YouTubeが「量産型コンテンツを排除する」と決めた以上、基準はもっと厳しくなる。だとしたら、やるべきことは1つ。「このチャンネルは明らかに量産型じゃない」と一目でわかるレベルまでクオリティを上げることです。",,,,"Bright glowing future, upward arrow made of light, cyan and gold particles, success concept, 8k resolution","A glowing door opening to bright light, volumetric lighting, hopeful atmosphere, cinematic, highly detailed"
78,パート5：【逆襲の90日間】今すぐ「量産型」を卒業し、技術的強者へ,,"YouTubeがやっているのは「非属人チャンネルを潰す」ことじゃない。「品質の底上げ」なんです。これからは、品質で差がつく時代になる。ちゃんと作り込んでいるチャンネルほど、視聴者の目に留まりやすくなります。
非属人YouTubeは終わっていません。終わったのは、「手を抜いても稼げた時代」です。
YouTubeが整備をしているこのタイミングで、自分のチャンネルの品質を一段上げておく。それだけで、あなたのチャンネルは今よりもっと伸びるはずです。",,,,"Bright glowing future, upward arrow made of light, cyan and gold particles, success concept, 8k resolution","A glowing door opening to bright light, volumetric lighting, hopeful atmosphere, cinematic, highly detailed"
79,パート5：【逆襲の90日間】今すぐ「量産型」を卒業し、技術的強者へ,,"一緒に、この波を乗り越えていきましょう。
以上です。",,,,"A stylish abstract background, dark mode, cinematic lighting, neon blue accents, high resolution","Minimalist futuristic interface, glowing particles, dark background, 4k ultra detailed, professional YouTube setup"
80,パート5：【逆襲の90日間】今すぐ「量産型」を卒業し、技術的強者へ,,,,,,"A stylish abstract background, dark mode, cinematic lighting, neon blue accents, high resolution","Minimalist futuristic interface, glowing particles, dark background, 4k ultra detailed, professional YouTube setup"
81,パート5：【逆襲の90日間】今すぐ「量産型」を卒業し、技術的強者へ,,,,,,"A stylish abstract background, dark mode, cinematic lighting, neon blue accents, high resolution","Minimalist futuristic interface, glowing particles, dark background, 4k ultra detailed, professional YouTube setup"
82,パート5：【逆襲の90日間】今すぐ「量産型」を卒業し、技術的強者へ,,,,,,"A stylish abstract background, dark mode, cinematic lighting, neon blue accents, high resolution","Minimalist futuristic interface, glowing particles, dark background, 4k ultra detailed, professional YouTube setup"
83,パート5：【逆襲の90日間】今すぐ「量産型」を卒業し、技術的強者へ,,,,,,"A stylish abstract background, dark mode, cinematic lighting, neon blue accents, high resolution","Minimalist futuristic interface, glowing particles, dark background, 4k ultra detailed, professional YouTube setup"
84,パート5：【逆襲の90日間】今すぐ「量産型」を卒業し、技術的強者へ,,,,,,"A stylish abstract background, dark mode, cinematic lighting, neon blue accents, high resolution","Minimalist futuristic interface, glowing particles, dark background, 4k ultra detailed, professional YouTube setup"
85,パート5：【逆襲の90日間】今すぐ「量産型」を卒業し、技術的強者へ,,,,,,"A stylish abstract background, dark mode, cinematic lighting, neon blue accents, high resolution","Minimalist futuristic interface, glowing particles, dark background, 4k ultra detailed, professional YouTube setup"
86,パート5：【逆襲の90日間】今すぐ「量産型」を卒業し、技術的強者へ,,,,,,"A stylish abstract background, dark mode, cinematic lighting, neon blue accents, high resolution","Minimalist futuristic interface, glowing particles, dark background, 4k ultra detailed, professional YouTube setup"
87,パート5：【逆襲の90日間】今すぐ「量産型」を卒業し、技術的強者へ,,,,,,"A stylish abstract background, dark mode, cinematic lighting, neon blue accents, high resolution","Minimalist futuristic interface, glowing particles, dark background, 4k ultra detailed, professional YouTube setup"
88,パート5：【逆襲の90日間】今すぐ「量産型」を卒業し、技術的強者へ,,,,,,"A stylish abstract background, dark mode, cinematic lighting, neon blue accents, high resolution","Minimalist futuristic interface, glowing particles, dark background, 4k ultra detailed, professional YouTube setup"
89,パート5：【逆襲の90日間】今すぐ「量産型」を卒業し、技術的強者へ,,,,,,"A stylish abstract background, dark mode, cinematic lighting, neon blue accents, high resolution","Minimalist futuristic interface, glowing particles, dark background, 4k ultra detailed, professional YouTube setup"
90,パート5：【逆襲の90日間】今すぐ「量産型」を卒業し、技術的強者へ,,,,,,"A stylish abstract background, dark mode, cinematic lighting, neon blue accents, high resolution","Minimalist futuristic interface, glowing particles, dark background, 4k ultra detailed, professional YouTube setup"
91,パート5：【逆襲の90日間】今すぐ「量産型」を卒業し、技術的強者へ,,,,,,"A stylish abstract background, dark mode, cinematic lighting, neon blue accents, high resolution","Minimalist futuristic interface, glowing particles, dark background, 4k ultra detailed, professional YouTube setup"
92,パート5：【逆襲の90日間】今すぐ「量産型」を卒業し、技術的強者へ,,,,,,"A stylish abstract background, dark mode, cinematic lighting, neon blue accents, high resolution","Minimalist futuristic interface, glowing particles, dark background, 4k ultra detailed, professional YouTube setup"
93,パート5：【逆襲の90日間】今すぐ「量産型」を卒業し、技術的強者へ,,,,,,"A stylish abstract background, dark mode, cinematic lighting, neon blue accents, high resolution","Minimalist futuristic interface, glowing particles, dark background, 4k ultra detailed, professional YouTube setup"
94,パート5：【逆襲の90日間】今すぐ「量産型」を卒業し、技術的強者へ,,,,,,"A stylish abstract background, dark mode, cinematic lighting, neon blue accents, high resolution","Minimalist futuristic interface, glowing particles, dark background, 4k ultra detailed, professional YouTube setup"
95,パート5：【逆襲の90日間】今すぐ「量産型」を卒業し、技術的強者へ,,,,,,"A stylish abstract background, dark mode, cinematic lighting, neon blue accents, high resolution","Minimalist futuristic interface, glowing particles, dark background, 4k ultra detailed, professional YouTube setup"
96,パート5：【逆襲の90日間】今すぐ「量産型」を卒業し、技術的強者へ,,,,,,"A stylish abstract background, dark mode, cinematic lighting, neon blue accents, high resolution","Minimalist futuristic interface, glowing particles, dark background, 4k ultra detailed, professional YouTube setup"
97,パート5：【逆襲の90日間】今すぐ「量産型」を卒業し、技術的強者へ,,,,,,"A stylish abstract background, dark mode, cinematic lighting, neon blue accents, high resolution","Minimalist futuristic interface, glowing particles, dark background, 4k ultra detailed, professional YouTube setup"
98,パート5：【逆襲の90日間】今すぐ「量産型」を卒業し、技術的強者へ,,,,,,"A stylish abstract background, dark mode, cinematic lighting, neon blue accents, high resolution","Minimalist futuristic interface, glowing particles, dark background, 4k ultra detailed, professional YouTube setup"
99,パート5：【逆襲の90日間】今すぐ「量産型」を卒業し、技術的強者へ,,,,,,"A stylish abstract background, dark mode, cinematic lighting, neon blue accents, high resolution","Minimalist futuristic interface, glowing particles, dark background, 4k ultra detailed, professional YouTube setup"
100,パート5：【逆襲の90日間】今すぐ「量産型」を卒業し、技術的強者へ,,,,,,"A stylish abstract background, dark mode, cinematic lighting, neon blue accents, high resolution","Minimalist futuristic interface, glowing particles, dark background, 4k ultra detailed, professional YouTube setup"